id,sector,passenger_name,reservation_num,reservation_type,supplier,air_line,travel_date,current_date,ref_date,deal,sale,purchase,customer,created_at,updated_at
1,Antonemouth,Adah Rau,575331,0,Wintheiser-Effertz,Ledner-Schroeder,2024-04-22,,2022-02-24,736,312,240,McLaughlin Group,2022-07-21 00:00:00 UTC,2023-09-10 07:26:28 UTC
2,Gregoryview,Rep. Dominick Cole,738567,0,Schaefer and Sons,Crooks-Smitham,2024-02-25,,2021-12-22,482,650,440,Williamson Inc,2022-02-02 00:00:00 UTC,2023-09-10 07:26:28 UTC
3,North Vitoport,Major Kris,469146,0,Zboncak-Gleichner,Jenkins Group,2023-08-23,,2022-08-26,314,553,167,Jacobs Inc,2022-03-28 00:00:00 UTC,2023-09-10 07:26:28 UTC
4,Hanestad,Rep. Josue Towne,332765,0,Stokes-O'Conner,Herzog-Hauck,2024-01-04,,2021-09-30,252,310,101,"Prosacco, Leannon and Powlowski",2022-04-22 00:00:00 UTC,2023-09-10 07:26:28 UTC
5,Lacreshashire,Dr. Garland Anderson,809222,0,"Bailey, Franecki and Schultz","McGlynn, Deckow and Gutkowski",2023-03-17,,2022-02-14,987,710,331,Marvin-McClure,2021-11-02 00:00:00 UTC,2023-09-10 07:26:28 UTC
6,South Iola,Debby O'Conner,468574,0,Gulgowski-Bosco,"Dach, Rempel and Konopelski",2024-03-23,,2021-10-14,521,486,139,Waters-Bruen,2021-09-12 00:00:00 UTC,2023-09-10 07:26:28 UTC
7,Langworthside,Tran Schaden,755215,0,Schimmel-Bechtelar,"Friesen, Marks and Harvey",2024-06-13,,2022-04-15,224,578,378,Prohaska-Davis,2022-04-12 00:00:00 UTC,2023-09-10 07:26:28 UTC
8,New Ambrose,Timmy Powlowski,552740,0,"Marquardt, Schoen and Beer",Schmidt-Wolff,2023-12-28,,2022-07-05,921,274,298,Spencer-Reilly,2022-06-19 00:00:00 UTC,2023-09-10 07:26:28 UTC
9,Hesselchester,Marcelo Stroman,183810,0,"Daugherty, Hudson and Hane",Grimes LLC,2023-04-28,,2022-05-19,496,399,132,"Grant, Stroman and Farrell",2021-09-10 00:00:00 UTC,2023-09-10 07:26:28 UTC
10,Vanessahaven,Echo King,827883,0,Marquardt and Sons,Cole-Boehm,2024-07-16,,2022-05-18,239,482,686,Kub-Bergstrom,2022-01-24 00:00:00 UTC,2023-09-10 07:26:28 UTC
11,Morarside,Arron Brakus,859349,0,Wilderman Group,Hettinger and Sons,2024-07-29,,2022-01-12,467,513,472,Baumbach-McClure,2021-11-25 00:00:00 UTC,2023-09-10 07:26:28 UTC
12,Koelpinhaven,Peter Graham,848448,0,VonRueden Group,"Langworth, Bergnaum and Waelchi",2024-02-12,,2022-09-02,897,152,272,Herman and Sons,2021-11-26 00:00:00 UTC,2023-09-10 07:26:28 UTC
13,North Arthur,Mrs. Keli Blick,250643,0,Von Group,Yost Group,2023-09-02,,2021-11-17,728,272,512,"Raynor, McGlynn and Lemke",2022-06-16 00:00:00 UTC,2023-09-10 07:26:28 UTC
14,East Dinorahmouth,Jacques Stroman,834082,0,Connelly LLC,Skiles-Stiedemann,2024-06-02,,2021-12-05,621,955,222,"Cruickshank, Pfeffer and Volkman",2021-09-13 00:00:00 UTC,2023-09-10 07:26:28 UTC
15,Nenahaven,Leo Emmerich,140402,0,Rosenbaum and Sons,Cormier-Howell,2024-04-29,,2022-01-26,519,656,558,Walker Group,2022-01-08 00:00:00 UTC,2023-09-10 07:26:28 UTC
16,East Albina,Sean Wuckert,342359,0,Dietrich and Sons,"Ward, Pagac and Kunze",2023-01-23,,2022-05-24,533,213,573,"Price, Langworth and Dickens",2022-03-08 00:00:00 UTC,2023-09-10 07:26:28 UTC
17,Lake Celinemouth,Carmen Langosh LLD,725058,0,Brekke-Skiles,Lowe-Hahn,2023-08-22,,2022-02-05,983,776,707,"Daniel, Balistreri and Marvin",2022-03-04 00:00:00 UTC,2023-09-10 07:26:28 UTC
18,Port Willy,Garry Bartell,362373,0,Dickinson Inc,Lindgren-Robel,2024-05-26,,2022-07-16,568,428,507,Walker-Mante,2021-11-24 00:00:00 UTC,2023-09-10 07:26:28 UTC
19,North Elbertport,Easter Williamson,913454,0,Zulauf-Hegmann,"Mertz, Morissette and Parisian",2023-07-11,,2022-03-23,450,790,424,Brakus Inc,2022-05-20 00:00:00 UTC,2023-09-10 07:26:28 UTC
20,Brantchester,Brady Breitenberg DVM,931061,0,Jacobi-Collins,Bauch-Huel,2023-09-21,,2021-09-18,842,281,578,"Leuschke, Maggio and Frami",2022-07-27 00:00:00 UTC,2023-09-10 07:26:28 UTC
21,Norenemouth,Mrs. Ulysses Weber,175664,0,"Schamberger, Jacobson and Turner",Feest-Lesch,2023-07-13,,2022-08-15,300,458,77,"Runolfsson, Upton and Harber",2022-07-07 00:00:00 UTC,2023-09-10 07:26:28 UTC
22,Jacobihaven,Pres. Tara Friesen,731195,0,"Adams, Runte and Grimes","Gusikowski, Abernathy and Buckridge",2023-01-30,,2022-05-04,853,957,189,Borer Group,2022-03-06 00:00:00 UTC,2023-09-10 07:26:28 UTC
23,West Miguelside,Lincoln Corwin MD,926588,0,"Flatley, Kuhlman and Dach",Block Group,2024-05-03,,2022-05-26,215,206,398,Wintheiser Inc,2022-08-23 00:00:00 UTC,2023-09-10 07:26:28 UTC
24,East Tiannaside,Fr. Michael Romaguera,624320,0,Raynor LLC,Braun-Mills,2023-07-10,,2022-03-19,504,407,174,"Champlin, Lindgren and Waters",2021-09-21 00:00:00 UTC,2023-09-10 07:26:28 UTC
25,New Alma,Celesta Nienow,505343,0,Koepp Group,O'Connell and Sons,2024-03-14,,2022-08-17,718,483,549,"Anderson, Koepp and Kuvalis",2022-09-02 00:00:00 UTC,2023-09-10 07:26:28 UTC
26,Sheltonstad,Gov. Donny Haley,659333,0,Kessler-Veum,"Stark, Okuneva and Nitzsche",2023-12-12,,2022-06-27,507,221,407,Welch LLC,2022-03-18 00:00:00 UTC,2023-09-10 07:26:29 UTC
27,Fumikohaven,Miss Kyra Crooks,256246,0,Stiedemann-Toy,Stamm Inc,2023-12-04,,2021-10-07,162,326,337,Bernier-Monahan,2022-06-11 00:00:00 UTC,2023-09-10 07:26:29 UTC
28,Bartfort,Jamey O'Hara,634214,0,"Hoppe, Kunde and Jaskolski",Keeling-Carter,2023-06-15,,2022-01-24,835,549,152,"Murphy, Collier and Volkman",2022-01-15 00:00:00 UTC,2023-09-10 07:26:29 UTC
29,Port Aldo,Rep. Mark Sawayn,414731,0,"Hartmann, Blick and Lockman",Abernathy-Kunze,2024-08-10,,2021-11-03,352,837,735,Zemlak LLC,2022-08-22 00:00:00 UTC,2023-09-10 07:26:29 UTC
30,North Abrahamtown,Deandre Kirlin,442630,0,"Blanda, Brown and Mayer","Koelpin, Bashirian and Zieme",2022-09-30,,2022-06-02,630,119,704,Hodkiewicz-Stamm,2022-06-07 00:00:00 UTC,2023-09-10 07:26:29 UTC
31,Yostbury,Ivan Mohr,633033,0,"Hammes, Ward and Hilll","Moore, Erdman and Bahringer",2024-05-22,,2022-06-10,374,459,117,Boehm Group,2021-11-26 00:00:00 UTC,2023-09-10 07:26:29 UTC
32,Lakenyaport,Rep. Ellyn Quigley,274973,0,Williamson and Sons,Hickle-Runolfsdottir,2024-04-18,,2022-09-09,357,221,162,Lebsack-Romaguera,2022-04-18 00:00:00 UTC,2023-09-10 07:26:29 UTC
33,Gislasonberg,Miss Dean Connelly,680305,0,"Waters, Kshlerin and Considine",Bosco Group,2023-06-20,,2022-05-07,720,610,104,Schaefer and Sons,2022-03-10 00:00:00 UTC,2023-09-10 07:26:29 UTC
34,North Rudy,Lyla Ankunding,903452,0,"Schneider, Ryan and Schinner",Osinski Inc,2024-06-10,,2022-03-17,450,698,512,Weissnat-Krajcik,2022-06-02 00:00:00 UTC,2023-09-10 07:26:29 UTC
35,Howeside,Doug Smitham,855843,0,"Romaguera, Romaguera and Johns",Jacobson and Sons,2023-08-09,,2022-02-12,972,505,458,Rau-Grant,2022-07-08 00:00:00 UTC,2023-09-10 07:26:29 UTC
36,East Loraleefort,Jodie Prosacco,351124,0,Jerde Inc,"Deckow, Murphy and Swaniawski",2023-01-06,,2022-08-27,602,397,156,Luettgen-Schoen,2021-12-29 00:00:00 UTC,2023-09-10 07:26:29 UTC
37,South Fawnshire,Cecil Powlowski,706157,0,Hackett Group,"Wilkinson, Mraz and Huels",2023-04-14,,2022-09-05,233,703,372,"Harvey, Bailey and Borer",2022-01-14 00:00:00 UTC,2023-09-10 07:26:29 UTC
38,Brownfort,Rolando Schneider,126113,0,Wuckert-Yost,Kilback Inc,2023-01-12,,2022-02-12,181,932,451,Rutherford LLC,2022-09-05 00:00:00 UTC,2023-09-10 07:26:29 UTC
39,Nikolausport,Rena Bogisich,934735,0,Stehr-Hills,"Mosciski, Lind and Brakus",2022-10-04,,2022-04-01,174,144,239,Stamm-Wolff,2022-01-23 00:00:00 UTC,2023-09-10 07:26:29 UTC
40,Rippinbury,Emmanuel Jacobi,452750,0,"Wolff, Kemmer and Casper",Cronin-Vandervort,2024-08-09,,2021-11-15,891,749,77,Stehr-Kerluke,2022-07-01 00:00:00 UTC,2023-09-10 07:26:29 UTC
41,South Trevamouth,Sofia Schoen,725938,0,Boyer-Fay,Howell-Klocko,2024-01-10,,2021-10-17,389,760,378,Wunsch LLC,2022-03-10 00:00:00 UTC,2023-09-10 07:26:29 UTC
42,Rueckerberg,Pres. Morris Cormier,809129,0,Nader-Schroeder,Hartmann-Marquardt,2024-05-31,,2022-07-31,966,447,142,Schuppe Group,2022-03-14 00:00:00 UTC,2023-09-10 07:26:29 UTC
43,Albertofort,Clemente Luettgen,764462,0,Zemlak-O'Conner,Tremblay Inc,2022-11-24,,2022-04-01,497,359,258,"Kassulke, Kris and Leuschke",2022-07-16 00:00:00 UTC,2023-09-10 07:26:29 UTC
44,Lake Sachaville,Roma Strosin,201219,0,"Botsford, Klein and Robel",Monahan LLC,2023-03-20,,2022-04-19,181,244,636,Corwin-Morar,2021-09-15 00:00:00 UTC,2023-09-10 07:26:29 UTC
45,Brendanburgh,Rocco Kreiger,931932,0,Hickle Group,Hodkiewicz-Brekke,2023-03-12,,2022-06-02,430,548,455,Kuhic LLC,2021-12-19 00:00:00 UTC,2023-09-10 07:26:29 UTC
46,South Merle,Mrs. Mathew Stokes,493129,0,Krajcik-Tillman,"Parisian, Jaskolski and Watsica",2023-06-15,,2021-10-14,704,721,525,Mante LLC,2022-09-09 00:00:00 UTC,2023-09-10 07:26:29 UTC
47,Herzogmouth,Quincy Herzog,898776,0,Brown-Paucek,Schneider-Bode,2024-02-27,,2022-06-16,116,687,360,"McCullough, Conn and Stoltenberg",2022-02-24 00:00:00 UTC,2023-09-10 07:26:29 UTC
48,New Tedton,Shemeka Bashirian,186666,0,"Altenwerth, Abernathy and Carter","Senger, Batz and Mohr",2022-09-21,,2022-03-17,495,118,414,Klocko and Sons,2022-06-23 00:00:00 UTC,2023-09-10 07:26:29 UTC
49,North Agustin,Crista Batz,349308,0,"Johns, Marquardt and Langworth",Moore Inc,2023-07-23,,2022-05-26,143,191,317,Nader-Hayes,2022-08-20 00:00:00 UTC,2023-09-10 07:26:29 UTC
50,North Jarod,Russel White,260463,0,Hegmann and Sons,Mueller-Yost,2024-05-18,,2022-09-07,784,349,486,"Dietrich, Hettinger and DuBuque",2021-12-13 00:00:00 UTC,2023-09-10 07:26:29 UTC
51,North Alexisborough,Alishia Bradtke,566884,0,"O'Keefe, Pollich and Welch",Roob Inc,2024-09-09,,2022-03-13,144,763,636,"Wiza, Thiel and McCullough",2022-05-11 00:00:00 UTC,2023-09-10 07:26:29 UTC
52,South Leomaview,Nilda Boyer,690889,0,"Larson, Jakubowski and Kihn","Rutherford, Hand and Ratke",2023-11-20,,2022-07-20,102,719,678,"Schuster, Abbott and Franecki",2021-10-04 00:00:00 UTC,2023-09-10 07:26:29 UTC
53,Waltermouth,Arlie Flatley CPA,773862,0,Hoeger Group,King-Durgan,2024-02-16,,2022-06-03,424,318,144,Boyer Inc,2022-04-08 00:00:00 UTC,2023-09-10 07:26:29 UTC
54,East Jess,Rev. Carleen Turner,985817,0,Halvorson-Ziemann,"Osinski, Watsica and Adams",2024-07-17,,2021-11-20,777,350,339,Larkin and Sons,2022-04-14 00:00:00 UTC,2023-09-10 07:26:29 UTC
55,East Kevenland,Williams Botsford,779743,0,Becker-Davis,Johns-Kreiger,2024-04-21,,2022-08-01,948,563,198,Kuhn-Heller,2022-01-30 00:00:00 UTC,2023-09-10 07:26:29 UTC
56,South Cassiehaven,Leota Bayer,519745,0,"O'Reilly, Swift and Lowe",Krajcik LLC,2024-07-30,,2022-02-21,429,202,660,Shanahan-Hintz,2022-08-26 00:00:00 UTC,2023-09-10 07:26:29 UTC
57,Braunchester,Dan Fay,754338,0,Bernier-Bartoletti,Homenick-Osinski,2023-08-18,,2022-03-21,942,948,681,"Douglas, Vandervort and Kerluke",2022-06-21 00:00:00 UTC,2023-09-10 07:26:29 UTC
58,East Felipebury,Teresia Schneider,142386,0,"Auer, Daniel and Monahan","Hessel, Pfannerstill and Nitzsche",2024-05-15,,2022-04-11,109,497,201,"Romaguera, Breitenberg and Huels",2021-12-13 00:00:00 UTC,2023-09-10 07:26:29 UTC
59,West Russell,Dalton Dooley,876396,0,Torphy-Schmidt,"Krajcik, Heidenreich and Bogan",2024-06-13,,2022-07-04,993,877,595,"Connelly, Lakin and Feeney",2022-08-20 00:00:00 UTC,2023-09-10 07:26:29 UTC
60,Welchport,Carolina Muller,397590,0,Hickle Group,Wyman-Cronin,2022-12-16,,2022-05-23,323,169,157,Schuster-Hammes,2022-02-01 00:00:00 UTC,2023-09-10 07:26:29 UTC
61,South Williantown,Thora Lebsack,668260,0,Ortiz-Heller,"Goldner, Hodkiewicz and Koss",2024-05-23,,2022-07-03,901,948,185,"Leannon, Olson and Gerhold",2022-07-16 00:00:00 UTC,2023-09-10 07:26:29 UTC
62,Rowemouth,Ammie Wilderman,628283,0,West Inc,Kreiger-Dietrich,2024-06-25,,2021-12-30,454,796,615,"Stroman, Robel and Barton",2022-04-14 00:00:00 UTC,2023-09-10 07:26:29 UTC
63,Edgarville,Louis Grady,939759,0,Windler LLC,"Durgan, Corwin and Lueilwitz",2024-04-04,,2022-05-18,984,287,208,Russel LLC,2022-05-09 00:00:00 UTC,2023-09-10 07:26:29 UTC
64,Lebsackfurt,Taryn Batz,997486,0,"Bernier, Kassulke and Morar","Kuhn, Murray and Littel",2022-10-28,,2022-08-15,733,550,516,"Effertz, Denesik and Spinka",2021-12-16 00:00:00 UTC,2023-09-10 07:26:29 UTC
65,South Logantown,Mrs. Jeramy Abernathy,413773,0,Corkery Group,"Conroy, Moen and Cassin",2023-03-17,,2022-04-02,419,817,333,"Huels, Wintheiser and Roberts",2021-11-15 00:00:00 UTC,2023-09-10 07:26:29 UTC
66,Thompsonton,Rhett Fritsch PhD,608776,0,Veum Group,"Rempel, Wolff and Denesik",2023-04-12,,2021-11-09,277,748,447,"Bahringer, Zieme and Trantow",2022-08-04 00:00:00 UTC,2023-09-10 07:26:29 UTC
67,Lake Fritzville,Brandon Bosco IV,494826,0,"Ferry, Nikolaus and Lakin","Littel, Effertz and Langworth",2024-06-01,,2022-02-12,339,378,358,"Yost, Mraz and MacGyver",2021-12-06 00:00:00 UTC,2023-09-10 07:26:29 UTC
68,North Toccaraport,Shelli Weber,472058,0,"Mills, Beahan and Homenick",Ortiz LLC,2022-10-07,,2022-02-18,640,462,230,Hagenes-Kozey,2022-07-19 00:00:00 UTC,2023-09-10 07:26:29 UTC
70,Boyerstad,Brent Lesch,954747,0,Davis and Sons,"Heller, Jacobson and Krajcik",2023-11-07,,2022-07-22,353,797,683,Kub Group,2022-03-02 00:00:00 UTC,2023-09-10 07:26:29 UTC
71,Murrayshire,Emanuel Hammes Sr.,583954,0,Okuneva and Sons,Quigley-Watsica,2023-08-27,,2022-07-20,870,791,678,McGlynn-Spinka,2022-05-06 00:00:00 UTC,2023-09-10 07:26:29 UTC
72,Stehrville,Milan Schoen,898031,0,Kuhic-Hills,Hyatt-Beier,2023-06-22,,2021-09-21,437,921,111,"Block, Langworth and Schowalter",2021-10-05 00:00:00 UTC,2023-09-10 07:26:29 UTC
73,West Verlieton,Lucio Nader,989667,0,Nicolas Group,"Kerluke, Friesen and Grimes",2024-02-07,,2022-06-04,510,303,100,Gutkowski and Sons,2022-05-07 00:00:00 UTC,2023-09-10 07:26:29 UTC
74,Lake Damienmouth,Ezekiel Hoeger,935079,0,"Heathcote, Wintheiser and Skiles",Rodriguez-Klein,2023-12-25,,2022-07-08,424,780,511,Predovic-Weissnat,2021-11-07 00:00:00 UTC,2023-09-10 07:26:29 UTC
75,New Micha,Rep. Jacinto Schmeler,141385,0,McGlynn Inc,Lesch-Hansen,2022-12-21,,2022-06-30,838,418,244,Kulas and Sons,2022-01-13 00:00:00 UTC,2023-09-10 07:26:29 UTC
76,Morarchester,Mr. Dusty Beier,488641,0,"Funk, Ferry and Schuppe","Heaney, Wolff and Gottlieb",2023-08-29,,2022-01-29,797,825,201,"Hagenes, Kautzer and Hickle",2021-12-01 00:00:00 UTC,2023-09-10 07:26:29 UTC
77,Ondrickaburgh,Ms. Raleigh Gorczany,418160,0,Hills Inc,Hermiston Group,2024-04-05,,2022-08-30,721,492,326,Nikolaus-Schroeder,2021-10-22 00:00:00 UTC,2023-09-10 07:26:29 UTC
78,Melanyport,Marco Maggio,199380,0,Beier and Sons,Crist Group,2024-08-15,,2022-08-15,343,927,246,Cormier-Hackett,2021-12-04 00:00:00 UTC,2023-09-10 07:26:29 UTC
79,Port Danitaton,Ralph Miller,204339,0,"Farrell, Schumm and White",Swaniawski-Dare,2023-08-28,,2022-02-10,783,721,164,Bednar and Sons,2022-07-01 00:00:00 UTC,2023-09-10 07:26:29 UTC
80,Port Elissaton,Sen. Dann Heaney,681942,0,Metz-Hudson,Spinka-Kuhic,2023-11-11,,2021-11-15,236,380,797,Ritchie-Balistreri,2021-12-13 00:00:00 UTC,2023-09-10 07:26:29 UTC
81,Robelville,Leandro Franecki,820388,0,"Renner, Crona and Bailey","Dickinson, Walsh and Marquardt",2024-05-22,,2021-10-07,355,865,497,"Moore, Miller and O'Connell",2022-01-28 00:00:00 UTC,2023-09-10 07:26:29 UTC
82,South Sirenamouth,Pres. Caren Lynch,492488,0,"Bednar, Sanford and Gorczany","Turner, Ziemann and Kuhn",2024-08-30,,2021-10-08,938,711,101,Dare and Sons,2021-09-22 00:00:00 UTC,2023-09-10 07:26:29 UTC
83,New Lyndaport,Rep. Bud Fisher,988561,0,"MacGyver, Lebsack and Quigley",Kuhlman-Gerhold,2023-09-01,,2022-01-01,926,890,316,Bernier-Schowalter,2022-06-02 00:00:00 UTC,2023-09-10 07:26:29 UTC
84,Port Hattieview,Jessie Boehm,821751,0,Jones Group,Oberbrunner Inc,2023-12-13,,2021-09-29,945,908,154,Schmidt-Beatty,2021-10-03 00:00:00 UTC,2023-09-10 07:26:29 UTC
85,Eleonorabury,Christoper O'Conner,907379,0,Brown and Sons,"Erdman, Hintz and Weber",2024-01-10,,2021-10-23,683,668,504,"Fay, Kemmer and O'Kon",2022-02-15 00:00:00 UTC,2023-09-10 07:26:29 UTC
86,Lorinafort,Prof. Eleonora Toy,617039,0,Zulauf-Orn,Champlin LLC,2022-12-17,,2021-11-05,556,400,503,Sawayn Inc,2022-03-14 00:00:00 UTC,2023-09-10 07:26:29 UTC
87,Lake Temple,Philip Vandervort Ret.,301480,0,"Tillman, Kuhlman and Labadie",Maggio LLC,2023-02-13,,2022-08-03,658,544,180,Beatty-Crooks,2021-10-16 00:00:00 UTC,2023-09-10 07:26:29 UTC
88,North Ross,Dean Sawayn,938804,0,"Leannon, Schroeder and Weissnat",Kuphal-Kautzer,2024-06-09,,2022-05-22,592,428,95,Simonis Group,2022-05-17 00:00:00 UTC,2023-09-10 07:26:29 UTC
89,Duaneville,Shaun King,393714,0,Bergstrom-Grant,"Schaefer, Schmeler and Moore",2024-07-12,,2022-07-05,616,241,189,Osinski LLC,2022-04-06 00:00:00 UTC,2023-09-10 07:26:29 UTC
90,South Russside,Sen. Gwyn Feeney,291564,0,Mayert-Thiel,"Schuster, VonRueden and Dooley",2023-03-23,,2022-07-04,339,938,524,Beier-Hermann,2021-11-28 00:00:00 UTC,2023-09-10 07:26:29 UTC
91,South Randalport,Xiao Quitzon V,323531,0,"Fahey, Strosin and Altenwerth","Wuckert, McDermott and Bosco",2024-05-22,,2022-05-22,374,476,348,"Dooley, Walker and Schneider",2022-03-04 00:00:00 UTC,2023-09-10 07:26:29 UTC
92,Myrticeview,Mrs. Donny Schinner,921426,0,"Mann, Turcotte and Wehner",Morar Group,2023-11-29,,2022-04-14,754,601,602,Dooley Group,2022-04-12 00:00:00 UTC,2023-09-10 07:26:29 UTC
93,West Lisha,Tameika Fisher,578035,0,O'Connell-Howe,Torp-Moen,2024-01-22,,2022-06-10,429,267,253,"Schumm, Pfeffer and O'Reilly",2021-12-20 00:00:00 UTC,2023-09-10 07:26:29 UTC
94,South Lazaro,Sha Schroeder,935939,0,O'Connell-Abshire,Paucek-Hammes,2022-12-01,,2022-03-14,132,166,705,McDermott-Medhurst,2022-04-20 00:00:00 UTC,2023-09-10 07:26:29 UTC
95,Maribethburgh,Signe Jakubowski,934127,0,"Maggio, Rutherford and Moore","Carroll, Nitzsche and Welch",2023-09-12,,2022-02-07,714,900,719,White-Dickens,2021-10-27 00:00:00 UTC,2023-09-10 07:26:29 UTC
96,Regeniaton,Carmon Senger,761861,0,Pagac-Klein,"Jast, Klein and Mertz",2024-02-10,,2021-11-15,837,763,753,Morar-Mraz,2021-10-26 00:00:00 UTC,2023-09-10 07:26:29 UTC
97,Lake Katherynside,Kum Hettinger,364236,0,"Bernier, Koch and Wintheiser",Hackett-Mayer,2023-09-01,,2021-09-29,280,593,726,McLaughlin LLC,2022-06-05 00:00:00 UTC,2023-09-10 07:26:29 UTC
98,West Zofiatown,Dr. Antonette Mraz,747444,0,"Fritsch, Wiza and Bergnaum",Swaniawski-Bogan,2024-05-31,,2022-02-12,467,324,523,"Smith, Runte and Ondricka",2022-02-03 00:00:00 UTC,2023-09-10 07:26:29 UTC
99,Feeneyland,Tommy Rempel,207900,0,Becker Inc,Schuster-Crist,2024-01-11,,2021-09-24,718,606,682,VonRueden Group,2021-11-19 00:00:00 UTC,2023-09-10 07:26:29 UTC
100,South Karoleview,Willis Wolf,449191,0,Runolfsdottir Inc,Gutmann-Anderson,2023-05-22,,2021-09-15,234,168,307,"Macejkovic, Sauer and Lynch",2022-06-30 00:00:00 UTC,2023-09-10 07:26:29 UTC
